{
  "uuid": "c31299be-2636-420f-9675-46db2bf53818",
  "timestamp": "2023-02-03T08:12:18Z",
  "zipFileName": "NEON_struct-ecosystem",
  "mimeType": "application/zip",
  "productCode": "DP3.30015.001",
  "productName": "Ecosystem structure",
  "siteCodes": [
    "CLBJ"
  ],
  "startDate": "2022-05-01T00:00:00Z",
  "endDate": "2022-05-31T23:59:59Z",
  "packageType": "basic",
  "documents": [
    {
      "fileName": "NEON.DOC.002387vB.pdf",
      "downloadFileName": null,
      "type": "application/pdf",
      "fileSizeBytes": 1471262,
      "description": "NEON Algorithm Theoretical Basis Document (ATBD): Ecosystem Structure",
      "uri": "https://data.neonscience.org/api/v0/documents/NEON.DOC.002387vB"
    },
    {
      "fileName": "NEON.QSG.DP3.30015.001v1.pdf",
      "downloadFileName": null,
      "type": "application/pdf",
      "fileSizeBytes": 146339,
      "description": "Quick Start Guide for Ecosystem structure (DP3.30015.001)",
      "uri": "https://data.neonscience.org/api/v0/documents/quick-start-guides/NEON.QSG.DP3.30015.001v1.pdf"
    }
  ],
  "releases": [
    {
      "release": "PROVISIONAL",
      "generationDate": null,
      "packages": [
        {
          "release": "PROVISIONAL",
          "productCode": "DP3.30015.001",
          "domainCode": "D11",
          "siteCode": "CLBJ",
          "month": "2022-05",
          "packageType": "basic",
          "generationDate": "2023-02-03T08:12:18Z",
          "files": [
            {
              "fileName": "NEON.D11.CLBJ.DP3.30015.001.readme.20220718T202842Z.txt",
              "downloadFileName": null,
              "uri": "https://data.neonscience.org/api/v0/data/DP3.30015.001/CLBJ/2022-05/NEON.D11.CLBJ.DP3.30015.001.readme.20220718T202842Z.txt",
              "fileSizeBytes": 52417,
              "checksum": "b35c64693ad1e353344034b1a3ba82af",
              "checksumAlgorithm": "MD5"
            },
            {
              "fileName": "NEON_D11_CLBJ_DP3_635000_3697000_CHM.tif",
              "downloadFileName": null,
              "uri": "https://data.neonscience.org/api/v0/data/DP3.30015.001/CLBJ/2022-05/NEON_D11_CLBJ_DP3_635000_3697000_CHM.tif",
              "fileSizeBytes": 4009502,
              "checksum": "9497ca8e",
              "checksumAlgorithm": "CRC32C"
            },
            {
              "fileName": "NEON_D11_CLBJ_DPQA_626000_3690000_boundary.prj",
              "downloadFileName": null,
              "uri": "https://data.neonscience.org/api/v0/data/DP3.30015.001/CLBJ/2022-05/NEON_D11_CLBJ_DPQA_626000_3690000_boundary.prj",
              "fileSizeBytes": 379,
              "checksum": "e5463092",
              "checksumAlgorithm": "CRC32C"
            },
            {
              "fileName": "NEON_D11_CLBJ_DPQA_634000_3697000_boundary.shp",
              "downloadFileName": null,
              "uri": "https://data.neonscience.org/api/v0/data/DP3.30015.001/CLBJ/2022-05/NEON_D11_CLBJ_DPQA_634000_3697000_boundary.shp",
              "fileSizeBytes": 6588,
              "checksum": "c22288b3",
              "checksumAlgorithm": "CRC32C"
            },
            {
              "fileName": "NEON_D11_CLBJ_DPQA_629000_3697000_boundary.shp",
              "downloadFileName": null,
              "uri": "https://data.neonscience.org/api/v0/data/DP3.30015.001/CLBJ/2022-05/NEON_D11_CLBJ_DPQA_629000_3697000_boundary.shp",
              "fileSizeBytes": 6716,
              "checksum": "bf780ab3",
              "checksumAlgorithm": "CRC32C"
            },
            {
              "fileName": "NEON_D11_CLBJ_DPQA_625000_3696000_boundary.shp",
              "downloadFileName": null,
              "uri": "https://data.neonscience.org/api/v0/data/DP3.30015.001/CLBJ/2022-05/NEON_D11_CLBJ_DPQA_625000_3696000_boundary.shp",
              "fileSizeBytes": 5916,
              "checksum": "5d983566",
              "checksumAlgorithm": "CRC32C"
            },
            {
              "fileName": "NEON_D11_CLBJ_DPQA_625000_3690000_boundary.kml",
              "downloadFileName": null,
              "uri": "https://data.neonscience.org/api/v0/data/DP3.30015.001/CLBJ/2022-05/NEON_D11_CLBJ_DPQA_625000_3690000_boundary.kml",
              "fileSizeBytes": 6115,
              "checksum": "544f48da",
              "checksumAlgorithm": "CRC32C"
            },
            {
              "fileName": "NEON_D11_CLBJ_DPQA_629000_3689000_boundary.dbf",
              "downloadFileName": null,
              "uri": "https://data.neonscience.org/api/v0/data/DP3.30015.001/CLBJ/2022-05/NEON_D11_CLBJ_DPQA_629000_3689000_boundary.dbf",
              "fileSizeBytes": 34,
              "checksum": "6988ff4c",
              "checksumAlgorithm": "CRC32C"
            },
            {
              "fileName": "NEON_D11_CLBJ_DPQA_634000_3696000_boundary.dbf",
              "downloadFileName": null,
              "uri": "https://data.neonscience.org/api/v0/data/DP3.30015.001/CLBJ/2022-05/NEON_D11_CLBJ_DPQA_634000_3696000_boundary.dbf",
              "fileSizeBytes": 34,
              "checksum": "6988ff4c",
              "checksumAlgorithm": "CRC32C"
            },
            {
              "fileName": "NEON_D11_CLBJ_DPQA_623000_3694000_boundary.shx",
              "downloadFileName": null,
              "uri": "https://data.neonscience.org/api/v0/data/DP3.30015.001/CLBJ/2022-05/NEON_D11_CLBJ_DPQA_623000_3694000_boundary.shx",
              "fileSizeBytes": 108,
              "checksum": "fd3272d0",
              "checksumAlgorithm": "CRC32C"
            },
            {
              "fileName": "NEON_D11_CLBJ_DP3_629000_3693000_CHM.tif",
              "downloadFileName": null,
              "uri": "https://data.neonscience.org/api/v0/data/DP3.30015.001/CLBJ/2022-05/NEON_D11_CLBJ_DP3_629000_3693000_CHM.tif",
              "fileSizeBytes": 4009502,
              "checksum": "937c90bb",
              "checksumAlgorithm": "CRC32C"
            }
          ]
        }
      ]
    }
  ]
}