{
  "uuid": "2a901f42-ebfe-459a-8212-fa05e1301b52",
  "timestamp": "2023-02-02T12:40:02Z",
  "zipFileName": "NEON_par",
  "mimeType": "application/zip",
  "productCode": "DP1.00024.001",
  "productName": "Photosynthetically active radiation (PAR)",
  "siteCodes": [
    "CLBJ"
  ],
  "startDate": "2022-09-01T00:00:00Z",
  "endDate": "2022-12-31T23:59:59Z",
  "packageType": "basic",
  "documents": [
    {
      "fileName": "NEON.DOC.011081vD.pdf",
      "downloadFileName": null,
      "type": "application/pdf",
      "fileSizeBytes": 488215,
      "description": "NEON Algorithm Theoretical Basis Document (ATBD) –  QA/QC Plausibility Testing",
      "uri": "https://data.neonscience.org/api/v0/documents/NEON.DOC.011081vD"
    },
    {
      "fileName": "NEON.DOC.001113vC.pdf",
      "downloadFileName": null,
      "type": "application/pdf",
      "fileSizeBytes": 1178860,
      "description": "NEON Algorithm Theoretical Basis Document (ATBD) –Quality Flags and Quality Metrics for TIS Data Products",
      "uri": "https://data.neonscience.org/api/v0/documents/NEON.DOC.001113vC"
    },
    {
      "fileName": "NEON.DOC.000416vB.pdf",
      "downloadFileName": null,
      "type": "application/pdf",
      "fileSizeBytes": 232158,
      "description": "NEON Sensor Command, Control and Configuration (C3) Document: Photosynthetically Active Radiation (PAR)",
      "uri": "https://data.neonscience.org/api/v0/documents/NEON.DOC.000416vB"
    },
    {
      "fileName": "NEON.DOC.000783vB.pdf",
      "downloadFileName": null,
      "type": "application/pdf",
      "fileSizeBytes": 383792,
      "description": "NEON Algorithm Theoretical Basis Document (ATBD) – Time Series Automatic Despiking for TIS Level 1 Data Products – QA/QC",
      "uri": "https://data.neonscience.org/api/v0/documents/NEON.DOC.000783vB"
    },
    {
      "fileName": "NEON.DOC.000781vE.pdf",
      "downloadFileName": null,
      "type": "application/pdf",
      "fileSizeBytes": 476770,
      "description": "NEON Algorithm Theoretical Basis Document (ATBD) – Photosynthetically Active Radiation (PAR)",
      "uri": "https://data.neonscience.org/api/v0/documents/NEON.DOC.000781vE"
    },
    {
      "fileName": "NEON.DOC.004429vC.pdf",
      "downloadFileName": null,
      "type": "application/pdf",
      "fileSizeBytes": 11984312,
      "description": "NEON Preventive Maintenance Procedure: Radiation Sensors",
      "uri": "https://data.neonscience.org/api/v0/documents/NEON.DOC.004429vC"
    },
    {
      "fileName": "NEON.QSG.DP1.00024.001v1.pdf",
      "downloadFileName": null,
      "type": "application/pdf",
      "fileSizeBytes": 182802,
      "description": "Quick Start Guide for Photosynthetically active radiation (PAR) (DP1.00024.001)",
      "uri": "https://data.neonscience.org/api/v0/documents/quick-start-guides/NEON.QSG.DP1.00024.001v1.pdf"
    }
  ],
  "releases": [
    {
      "release": "PROVISIONAL",
      "generationDate": null,
      "packages": [
        {
          "release": "PROVISIONAL",
          "productCode": "DP1.00024.001",
          "domainCode": "D11",
          "siteCode": "CLBJ",
          "month": "2022-09",
          "packageType": "basic",
          "generationDate": "2022-10-02T19:07:23Z",
          "files": [
            {
              "fileName": "NEON.D11.CLBJ.DP1.00024.001.variables.20221002T190623Z.csv",
              "downloadFileName": null,
              "uri": "https://data.neonscience.org/api/v0/data/DP1.00024.001/CLBJ/2022-09/NEON.D11.CLBJ.DP1.00024.001.variables.20221002T190623Z.csv",
              "fileSizeBytes": 26327,
              "checksum": "3b6925fa3e363273177f463c2844a2de",
              "checksumAlgorithm": "MD5"
            },
            {
              "fileName": "NEON.D11.CLBJ.DP1.00024.001.000.020.030.PARPAR_30min.2022-09.basic.20221002T190623Z.csv",
              "downloadFileName": null,
              "uri": "https://data.neonscience.org/api/v0/data/DP1.00024.001/CLBJ/2022-09/NEON.D11.CLBJ.DP1.00024.001.000.020.030.PARPAR_30min.2022-09.basic.20221002T190623Z.csv",
              "fileSizeBytes": 137753,
              "checksum": "198203daed7d091ae6e9ff14194e1b3e",
              "checksumAlgorithm": "MD5"
            },
            {
              "fileName": "NEON.D11.CLBJ.DP1.00024.001.000.040.030.PARPAR_30min.2022-09.basic.20221002T190623Z.csv",
              "downloadFileName": null,
              "uri": "https://data.neonscience.org/api/v0/data/DP1.00024.001/CLBJ/2022-09/NEON.D11.CLBJ.DP1.00024.001.000.040.030.PARPAR_30min.2022-09.basic.20221002T190623Z.csv",
              "fileSizeBytes": 140276,
              "checksum": "228b38d982f180adf7e24bba2da75dc1",
              "checksumAlgorithm": "MD5"
            },
            {
              "fileName": "NEON.D11.CLBJ.DP1.00024.001.readme.20221002T190623Z.txt",
              "downloadFileName": null,
              "uri": "https://data.neonscience.org/api/v0/data/DP1.00024.001/CLBJ/2022-09/NEON.D11.CLBJ.DP1.00024.001.readme.20221002T190623Z.txt",
              "fileSizeBytes": 32661,
              "checksum": "dc29834935b121a998f787c9d2567881",
              "checksumAlgorithm": "MD5"
            },
            {
              "fileName": "NEON.D11.CLBJ.DP1.00024.001.000.030.001.PARPAR_1min.2022-09.basic.20221002T190623Z.csv",
              "downloadFileName": null,
              "uri": "https://data.neonscience.org/api/v0/data/DP1.00024.001/CLBJ/2022-09/NEON.D11.CLBJ.DP1.00024.001.000.030.001.PARPAR_1min.2022-09.basic.20221002T190623Z.csv",
              "fileSizeBytes": 4053272,
              "checksum": "9efa4bb4f5957a524d2fc1ab28b98385",
              "checksumAlgorithm": "MD5"
            },
            {
              "fileName": "NEON.D11.CLBJ.DP1.00024.001.000.050.030.PARPAR_30min.2022-09.basic.20221002T190623Z.csv",
              "downloadFileName": null,
              "uri": "https://data.neonscience.org/api/v0/data/DP1.00024.001/CLBJ/2022-09/NEON.D11.CLBJ.DP1.00024.001.000.050.030.PARPAR_30min.2022-09.basic.20221002T190623Z.csv",
              "fileSizeBytes": 185590,
              "checksum": "7a787e64946e177a53175f16b5156caa",
              "checksumAlgorithm": "MD5"
            },
            {
              "fileName": "NEON.D11.CLBJ.DP1.00024.001.000.030.030.PARPAR_30min.2022-09.basic.20221002T190623Z.csv",
              "downloadFileName": null,
              "uri": "https://data.neonscience.org/api/v0/data/DP1.00024.001/CLBJ/2022-09/NEON.D11.CLBJ.DP1.00024.001.000.030.030.PARPAR_30min.2022-09.basic.20221002T190623Z.csv",
              "fileSizeBytes": 140241,
              "checksum": "0cd65d4c50da66687e99930e3f2b8776",
              "checksumAlgorithm": "MD5"
            },
            {
              "fileName": "NEON.D11.CLBJ.DP1.00024.001.000.020.001.PARPAR_1min.2022-09.basic.20221002T190623Z.csv",
              "downloadFileName": null,
              "uri": "https://data.neonscience.org/api/v0/data/DP1.00024.001/CLBJ/2022-09/NEON.D11.CLBJ.DP1.00024.001.000.020.001.PARPAR_1min.2022-09.basic.20221002T190623Z.csv",
              "fileSizeBytes": 3998101,
              "checksum": "2f753f399270c1eb91b7a5f951f85cda",
              "checksumAlgorithm": "MD5"
            },
            {
              "fileName": "NEON.D11.CLBJ.DP1.00024.001.EML.20220901-20221001.20221002T190623Z.xml",
              "downloadFileName": null,
              "uri": "https://data.neonscience.org/api/v0/data/DP1.00024.001/CLBJ/2022-09/NEON.D11.CLBJ.DP1.00024.001.EML.20220901-20221001.20221002T190623Z.xml",
              "fileSizeBytes": 163177,
              "checksum": "76ed85bda7a1749d9191cce3a81fa5f1",
              "checksumAlgorithm": "MD5"
            },
            {
              "fileName": "NEON.D11.CLBJ.DP1.00024.001.000.050.001.PARPAR_1min.2022-09.basic.20221002T190623Z.csv",
              "downloadFileName": null,
              "uri": "https://data.neonscience.org/api/v0/data/DP1.00024.001/CLBJ/2022-09/NEON.D11.CLBJ.DP1.00024.001.000.050.001.PARPAR_1min.2022-09.basic.20221002T190623Z.csv",
              "fileSizeBytes": 5313385,
              "checksum": "e7a43163a72c52d1360c6ca5076e57ff",
              "checksumAlgorithm": "MD5"
            },
            {
              "fileName": "NEON.D11.CLBJ.DP1.00024.001.000.010.030.PARPAR_30min.2022-09.basic.20221002T190623Z.csv",
              "downloadFileName": null,
              "uri": "https://data.neonscience.org/api/v0/data/DP1.00024.001/CLBJ/2022-09/NEON.D11.CLBJ.DP1.00024.001.000.010.030.PARPAR_30min.2022-09.basic.20221002T190623Z.csv",
              "fileSizeBytes": 136848,
              "checksum": "60296ee917e8fd955b3b2047c571b421",
              "checksumAlgorithm": "MD5"
            },
            {
              "fileName": "NEON.D11.CLBJ.DP1.00024.001.000.040.001.PARPAR_1min.2022-09.basic.20221002T190623Z.csv",
              "downloadFileName": null,
              "uri": "https://data.neonscience.org/api/v0/data/DP1.00024.001/CLBJ/2022-09/NEON.D11.CLBJ.DP1.00024.001.000.040.001.PARPAR_1min.2022-09.basic.20221002T190623Z.csv",
              "fileSizeBytes": 4057108,
              "checksum": "c183235adc63d3a2b36a551429d5a089",
              "checksumAlgorithm": "MD5"
            },
            {
              "fileName": "NEON.D11.CLBJ.DP1.00024.001.sensor_positions.20221002T190623Z.csv",
              "downloadFileName": null,
              "uri": "https://data.neonscience.org/api/v0/data/DP1.00024.001/CLBJ/2022-09/NEON.D11.CLBJ.DP1.00024.001.sensor_positions.20221002T190623Z.csv",
              "fileSizeBytes": 1788,
              "checksum": "8848443df224ae535ad13538e1f33cda",
              "checksumAlgorithm": "MD5"
            },
            {
              "fileName": "NEON.D11.CLBJ.DP1.00024.001.000.010.001.PARPAR_1min.2022-09.basic.20221002T190623Z.csv",
              "downloadFileName": null,
              "uri": "https://data.neonscience.org/api/v0/data/DP1.00024.001/CLBJ/2022-09/NEON.D11.CLBJ.DP1.00024.001.000.010.001.PARPAR_1min.2022-09.basic.20221002T190623Z.csv",
              "fileSizeBytes": 3967919,
              "checksum": "71043e61868c73d80cdbae20a5da677b",
              "checksumAlgorithm": "MD5"
            }
          ]
        },
        {
          "release": "PROVISIONAL",
          "productCode": "DP1.00024.001",
          "domainCode": "D11",
          "siteCode": "CLBJ",
          "month": "2022-10",
          "packageType": "basic",
          "generationDate": "2022-11-07T19:58:55Z",
          "files": [
            {
              "fileName": "NEON.D11.CLBJ.DP1.00024.001.000.030.001.PARPAR_1min.2022-10.basic.20221107T195753Z.csv",
              "downloadFileName": null,
              "uri": "https://data.neonscience.org/api/v0/data/DP1.00024.001/CLBJ/2022-10/NEON.D11.CLBJ.DP1.00024.001.000.030.001.PARPAR_1min.2022-10.basic.20221107T195753Z.csv",
              "fileSizeBytes": 4160681,
              "checksum": "36de2a4b92a880b0735ccb7efc420626",
              "checksumAlgorithm": "MD5"
            },
            {
              "fileName": "NEON.D11.CLBJ.DP1.00024.001.000.020.030.PARPAR_30min.2022-10.basic.20221107T195753Z.csv",
              "downloadFileName": null,
              "uri": "https://data.neonscience.org/api/v0/data/DP1.00024.001/CLBJ/2022-10/NEON.D11.CLBJ.DP1.00024.001.000.020.030.PARPAR_30min.2022-10.basic.20221107T195753Z.csv",
              "fileSizeBytes": 141880,
              "checksum": "55cf3c63cda916d59b43b991b4bf5bd8",
              "checksumAlgorithm": "MD5"
            },
            {
              "fileName": "NEON.D11.CLBJ.DP1.00024.001.readme.20221107T195753Z.txt",
              "downloadFileName": null,
              "uri": "https://data.neonscience.org/api/v0/data/DP1.00024.001/CLBJ/2022-10/NEON.D11.CLBJ.DP1.00024.001.readme.20221107T195753Z.txt",
              "fileSizeBytes": 32661,
              "checksum": "be43d00a34e0143651ee37157d2e2baf",
              "checksumAlgorithm": "MD5"
            },
            {
              "fileName": "NEON.D11.CLBJ.DP1.00024.001.000.030.030.PARPAR_30min.2022-10.basic.20221107T195753Z.csv",
              "downloadFileName": null,
              "uri": "https://data.neonscience.org/api/v0/data/DP1.00024.001/CLBJ/2022-10/NEON.D11.CLBJ.DP1.00024.001.000.030.030.PARPAR_30min.2022-10.basic.20221107T195753Z.csv",
              "fileSizeBytes": 143607,
              "checksum": "73581ecd5073a9f7772723d9f8d4399c",
              "checksumAlgorithm": "MD5"
            },
            {
              "fileName": "NEON.D11.CLBJ.DP1.00024.001.EML.20221001-20221101.20221107T195753Z.xml",
              "downloadFileName": null,
              "uri": "https://data.neonscience.org/api/v0/data/DP1.00024.001/CLBJ/2022-10/NEON.D11.CLBJ.DP1.00024.001.EML.20221001-20221101.20221107T195753Z.xml",
              "fileSizeBytes": 163177,
              "checksum": "798f896f53908dbcc9dc293560da3be7",
              "checksumAlgorithm": "MD5"
            },
            {
              "fileName": "NEON.D11.CLBJ.DP1.00024.001.sensor_positions.20221107T195753Z.csv",
              "downloadFileName": null,
              "uri": "https://data.neonscience.org/api/v0/data/DP1.00024.001/CLBJ/2022-10/NEON.D11.CLBJ.DP1.00024.001.sensor_positions.20221107T195753Z.csv",
              "fileSizeBytes": 1788,
              "checksum": "8848443df224ae535ad13538e1f33cda",
              "checksumAlgorithm": "MD5"
            },
            {
              "fileName": "NEON.D11.CLBJ.DP1.00024.001.000.010.030.PARPAR_30min.2022-10.basic.20221107T195753Z.csv",
              "downloadFileName": null,
              "uri": "https://data.neonscience.org/api/v0/data/DP1.00024.001/CLBJ/2022-10/NEON.D11.CLBJ.DP1.00024.001.000.010.030.PARPAR_30min.2022-10.basic.20221107T195753Z.csv",
              "fileSizeBytes": 140521,
              "checksum": "8521d8b096c46f69179c4411825616d9",
              "checksumAlgorithm": "MD5"
            },
            {
              "fileName": "NEON.D11.CLBJ.DP1.00024.001.000.050.030.PARPAR_30min.2022-10.basic.20221107T195753Z.csv",
              "downloadFileName": null,
              "uri": "https://data.neonscience.org/api/v0/data/DP1.00024.001/CLBJ/2022-10/NEON.D11.CLBJ.DP1.00024.001.000.050.030.PARPAR_30min.2022-10.basic.20221107T195753Z.csv",
              "fileSizeBytes": 190024,
              "checksum": "c67b454c71bb57995b9d38b40e515ec0",
              "checksumAlgorithm": "MD5"
            },
            {
              "fileName": "NEON.D11.CLBJ.DP1.00024.001.000.040.001.PARPAR_1min.2022-10.basic.20221107T195753Z.csv",
              "downloadFileName": null,
              "uri": "https://data.neonscience.org/api/v0/data/DP1.00024.001/CLBJ/2022-10/NEON.D11.CLBJ.DP1.00024.001.000.040.001.PARPAR_1min.2022-10.basic.20221107T195753Z.csv",
              "fileSizeBytes": 4149498,
              "checksum": "400fe07468fbf5812e087ee78e6afeee",
              "checksumAlgorithm": "MD5"
            },
            {
              "fileName": "NEON.D11.CLBJ.DP1.00024.001.000.050.001.PARPAR_1min.2022-10.basic.20221107T195753Z.csv",
              "downloadFileName": null,
              "uri": "https://data.neonscience.org/api/v0/data/DP1.00024.001/CLBJ/2022-10/NEON.D11.CLBJ.DP1.00024.001.000.050.001.PARPAR_1min.2022-10.basic.20221107T195753Z.csv",
              "fileSizeBytes": 5445905,
              "checksum": "c40403def5f6c51672a5e7f0310ab01a",
              "checksumAlgorithm": "MD5"
            },
            {
              "fileName": "NEON.D11.CLBJ.DP1.00024.001.000.040.030.PARPAR_30min.2022-10.basic.20221107T195753Z.csv",
              "downloadFileName": null,
              "uri": "https://data.neonscience.org/api/v0/data/DP1.00024.001/CLBJ/2022-10/NEON.D11.CLBJ.DP1.00024.001.000.040.030.PARPAR_30min.2022-10.basic.20221107T195753Z.csv",
              "fileSizeBytes": 143242,
              "checksum": "0ebeb5137618097ccdc429f47999d152",
              "checksumAlgorithm": "MD5"
            },
            {
              "fileName": "NEON.D11.CLBJ.DP1.00024.001.000.020.001.PARPAR_1min.2022-10.basic.20221107T195753Z.csv",
              "downloadFileName": null,
              "uri": "https://data.neonscience.org/api/v0/data/DP1.00024.001/CLBJ/2022-10/NEON.D11.CLBJ.DP1.00024.001.000.020.001.PARPAR_1min.2022-10.basic.20221107T195753Z.csv",
              "fileSizeBytes": 4128892,
              "checksum": "cfde325a7f18eb5bd2887c84c156cfef",
              "checksumAlgorithm": "MD5"
            },
            {
              "fileName": "NEON.D11.CLBJ.DP1.00024.001.variables.20221107T195753Z.csv",
              "downloadFileName": null,
              "uri": "https://data.neonscience.org/api/v0/data/DP1.00024.001/CLBJ/2022-10/NEON.D11.CLBJ.DP1.00024.001.variables.20221107T195753Z.csv",
              "fileSizeBytes": 26327,
              "checksum": "3b6925fa3e363273177f463c2844a2de",
              "checksumAlgorithm": "MD5"
            },
            {
              "fileName": "NEON.D11.CLBJ.DP1.00024.001.000.010.001.PARPAR_1min.2022-10.basic.20221107T195753Z.csv",
              "downloadFileName": null,
              "uri": "https://data.neonscience.org/api/v0/data/DP1.00024.001/CLBJ/2022-10/NEON.D11.CLBJ.DP1.00024.001.000.010.001.PARPAR_1min.2022-10.basic.20221107T195753Z.csv",
              "fileSizeBytes": 4087658,
              "checksum": "fcaa6668741e883b9f4dbaf26720defb",
              "checksumAlgorithm": "MD5"
            }
          ]
        },
        {
          "release": "PROVISIONAL",
          "productCode": "DP1.00024.001",
          "domainCode": "D11",
          "siteCode": "CLBJ",
          "month": "2022-11",
          "packageType": "basic",
          "generationDate": "2022-12-06T00:28:01Z",
          "files": [
            {
              "fileName": "NEON.D11.CLBJ.DP1.00024.001.000.010.001.PARPAR_1min.2022-11.basic.20221206T002648Z.csv",
              "downloadFileName": null,
              "uri": "https://data.neonscience.org/api/v0/data/DP1.00024.001/CLBJ/2022-11/NEON.D11.CLBJ.DP1.00024.001.000.010.001.PARPAR_1min.2022-11.basic.20221206T002648Z.csv",
              "fileSizeBytes": 3940844,
              "checksum": "6c48f964f889b1a6876c6358c03c0419",
              "checksumAlgorithm": "MD5"
            },
            {
              "fileName": "NEON.D11.CLBJ.DP1.00024.001.000.040.030.PARPAR_30min.2022-11.basic.20221206T002648Z.csv",
              "downloadFileName": null,
              "uri": "https://data.neonscience.org/api/v0/data/DP1.00024.001/CLBJ/2022-11/NEON.D11.CLBJ.DP1.00024.001.000.040.030.PARPAR_30min.2022-11.basic.20221206T002648Z.csv",
              "fileSizeBytes": 137650,
              "checksum": "f33b3bb82a06c94108d0deb03c8d2c2e",
              "checksumAlgorithm": "MD5"
            },
            {
              "fileName": "NEON.D11.CLBJ.DP1.00024.001.000.030.001.PARPAR_1min.2022-11.basic.20221206T002648Z.csv",
              "downloadFileName": null,
              "uri": "https://data.neonscience.org/api/v0/data/DP1.00024.001/CLBJ/2022-11/NEON.D11.CLBJ.DP1.00024.001.000.030.001.PARPAR_1min.2022-11.basic.20221206T002648Z.csv",
              "fileSizeBytes": 3987866,
              "checksum": "7b2df189742984b096e94f5f81a1fe2c",
              "checksumAlgorithm": "MD5"
            },
            {
              "fileName": "NEON.D11.CLBJ.DP1.00024.001.readme.20221206T002648Z.txt",
              "downloadFileName": null,
              "uri": "https://data.neonscience.org/api/v0/data/DP1.00024.001/CLBJ/2022-11/NEON.D11.CLBJ.DP1.00024.001.readme.20221206T002648Z.txt",
              "fileSizeBytes": 32663,
              "checksum": "62779ab2f445807565caf5ff0d0f445b",
              "checksumAlgorithm": "MD5"
            },
            {
              "fileName": "NEON.D11.CLBJ.DP1.00024.001.EML.20221101-20221201.20221206T002648Z.xml",
              "downloadFileName": null,
              "uri": "https://data.neonscience.org/api/v0/data/DP1.00024.001/CLBJ/2022-11/NEON.D11.CLBJ.DP1.00024.001.EML.20221101-20221201.20221206T002648Z.xml",
              "fileSizeBytes": 163177,
              "checksum": "13b161356d4f0f3026e72afd9519fc71",
              "checksumAlgorithm": "MD5"
            },
            {
              "fileName": "NEON.D11.CLBJ.DP1.00024.001.000.020.030.PARPAR_30min.2022-11.basic.20221206T002648Z.csv",
              "downloadFileName": null,
              "uri": "https://data.neonscience.org/api/v0/data/DP1.00024.001/CLBJ/2022-11/NEON.D11.CLBJ.DP1.00024.001.000.020.030.PARPAR_30min.2022-11.basic.20221206T002648Z.csv",
              "fileSizeBytes": 137182,
              "checksum": "ca0d085aab043b7dd90979029376cbcb",
              "checksumAlgorithm": "MD5"
            },
            {
              "fileName": "NEON.D11.CLBJ.DP1.00024.001.000.050.030.PARPAR_30min.2022-11.basic.20221206T002648Z.csv",
              "downloadFileName": null,
              "uri": "https://data.neonscience.org/api/v0/data/DP1.00024.001/CLBJ/2022-11/NEON.D11.CLBJ.DP1.00024.001.000.050.030.PARPAR_30min.2022-11.basic.20221206T002648Z.csv",
              "fileSizeBytes": 182133,
              "checksum": "28c9d9663ec034cea9d0d22586b3e605",
              "checksumAlgorithm": "MD5"
            },
            {
              "fileName": "NEON.D11.CLBJ.DP1.00024.001.variables.20221206T002648Z.csv",
              "downloadFileName": null,
              "uri": "https://data.neonscience.org/api/v0/data/DP1.00024.001/CLBJ/2022-11/NEON.D11.CLBJ.DP1.00024.001.variables.20221206T002648Z.csv",
              "fileSizeBytes": 26327,
              "checksum": "3b6925fa3e363273177f463c2844a2de",
              "checksumAlgorithm": "MD5"
            },
            {
              "fileName": "NEON.D11.CLBJ.DP1.00024.001.000.020.001.PARPAR_1min.2022-11.basic.20221206T002648Z.csv",
              "downloadFileName": null,
              "uri": "https://data.neonscience.org/api/v0/data/DP1.00024.001/CLBJ/2022-11/NEON.D11.CLBJ.DP1.00024.001.000.020.001.PARPAR_1min.2022-11.basic.20221206T002648Z.csv",
              "fileSizeBytes": 3988566,
              "checksum": "48578ee98f6ed4f3a6822e9f424de545",
              "checksumAlgorithm": "MD5"
            },
            {
              "fileName": "NEON.D11.CLBJ.DP1.00024.001.000.010.030.PARPAR_30min.2022-11.basic.20221206T002648Z.csv",
              "downloadFileName": null,
              "uri": "https://data.neonscience.org/api/v0/data/DP1.00024.001/CLBJ/2022-11/NEON.D11.CLBJ.DP1.00024.001.000.010.030.PARPAR_30min.2022-11.basic.20221206T002648Z.csv",
              "fileSizeBytes": 135448,
              "checksum": "8fc5448aecaaf586738f6eeac62dbb31",
              "checksumAlgorithm": "MD5"
            },
            {
              "fileName": "NEON.D11.CLBJ.DP1.00024.001.000.030.030.PARPAR_30min.2022-11.basic.20221206T002648Z.csv",
              "downloadFileName": null,
              "uri": "https://data.neonscience.org/api/v0/data/DP1.00024.001/CLBJ/2022-11/NEON.D11.CLBJ.DP1.00024.001.000.030.030.PARPAR_30min.2022-11.basic.20221206T002648Z.csv",
              "fileSizeBytes": 137410,
              "checksum": "5018b03560575e0c7d048e653264aa1c",
              "checksumAlgorithm": "MD5"
            },
            {
              "fileName": "NEON.D11.CLBJ.DP1.00024.001.000.050.001.PARPAR_1min.2022-11.basic.20221206T002648Z.csv",
              "downloadFileName": null,
              "uri": "https://data.neonscience.org/api/v0/data/DP1.00024.001/CLBJ/2022-11/NEON.D11.CLBJ.DP1.00024.001.000.050.001.PARPAR_1min.2022-11.basic.20221206T002648Z.csv",
              "fileSizeBytes": 5225431,
              "checksum": "9a0cbb82de34634ce790cfff06aed9eb",
              "checksumAlgorithm": "MD5"
            },
            {
              "fileName": "NEON.D11.CLBJ.DP1.00024.001.000.040.001.PARPAR_1min.2022-11.basic.20221206T002648Z.csv",
              "downloadFileName": null,
              "uri": "https://data.neonscience.org/api/v0/data/DP1.00024.001/CLBJ/2022-11/NEON.D11.CLBJ.DP1.00024.001.000.040.001.PARPAR_1min.2022-11.basic.20221206T002648Z.csv",
              "fileSizeBytes": 3991589,
              "checksum": "8f53056725ce5451b42473449594e743",
              "checksumAlgorithm": "MD5"
            },
            {
              "fileName": "NEON.D11.CLBJ.DP1.00024.001.sensor_positions.20221206T002648Z.csv",
              "downloadFileName": null,
              "uri": "https://data.neonscience.org/api/v0/data/DP1.00024.001/CLBJ/2022-11/NEON.D11.CLBJ.DP1.00024.001.sensor_positions.20221206T002648Z.csv",
              "fileSizeBytes": 1788,
              "checksum": "8848443df224ae535ad13538e1f33cda",
              "checksumAlgorithm": "MD5"
            }
          ]
        },
        {
          "release": "PROVISIONAL",
          "productCode": "DP1.00024.001",
          "domainCode": "D11",
          "siteCode": "CLBJ",
          "month": "2022-12",
          "packageType": "basic",
          "generationDate": "2023-01-03T22:48:45Z",
          "files": [
            {
              "fileName": "NEON.D11.CLBJ.DP1.00024.001.000.040.030.PARPAR_30min.2022-12.basic.20230103T224845Z.csv",
              "downloadFileName": null,
              "uri": "https://data.neonscience.org/api/v0/data/DP1.00024.001/CLBJ/2022-12/NEON.D11.CLBJ.DP1.00024.001.000.040.030.PARPAR_30min.2022-12.basic.20230103T224845Z.csv",
              "fileSizeBytes": 141906,
              "checksum": "a2eeecdffc5a81afaa67b38d38987bc5",
              "checksumAlgorithm": "MD5"
            },
            {
              "fileName": "NEON.D11.CLBJ.DP1.00024.001.000.020.030.PARPAR_30min.2022-12.basic.20230103T224845Z.csv",
              "downloadFileName": null,
              "uri": "https://data.neonscience.org/api/v0/data/DP1.00024.001/CLBJ/2022-12/NEON.D11.CLBJ.DP1.00024.001.000.020.030.PARPAR_30min.2022-12.basic.20230103T224845Z.csv",
              "fileSizeBytes": 142012,
              "checksum": "ebc359e78f32418c29b84bfddb7accfe",
              "checksumAlgorithm": "MD5"
            },
            {
              "fileName": "NEON.D11.CLBJ.DP1.00024.001.000.050.001.PARPAR_1min.2022-12.basic.20230103T224845Z.csv",
              "downloadFileName": null,
              "uri": "https://data.neonscience.org/api/v0/data/DP1.00024.001/CLBJ/2022-12/NEON.D11.CLBJ.DP1.00024.001.000.050.001.PARPAR_1min.2022-12.basic.20230103T224845Z.csv",
              "fileSizeBytes": 5490696,
              "checksum": "2f9d06623bb2a16d36d0bba4d49bcf3c",
              "checksumAlgorithm": "MD5"
            },
            {
              "fileName": "NEON.D11.CLBJ.DP1.00024.001.000.010.001.PARPAR_1min.2022-12.basic.20230103T224845Z.csv",
              "downloadFileName": null,
              "uri": "https://data.neonscience.org/api/v0/data/DP1.00024.001/CLBJ/2022-12/NEON.D11.CLBJ.DP1.00024.001.000.010.001.PARPAR_1min.2022-12.basic.20230103T224845Z.csv",
              "fileSizeBytes": 4091148,
              "checksum": "fac4ff95b5b38ad38fd01b271e318c72",
              "checksumAlgorithm": "MD5"
            },
            {
              "fileName": "NEON.D11.CLBJ.DP1.00024.001.variables.20230103T224845Z.csv",
              "downloadFileName": null,
              "uri": "https://data.neonscience.org/api/v0/data/DP1.00024.001/CLBJ/2022-12/NEON.D11.CLBJ.DP1.00024.001.variables.20230103T224845Z.csv",
              "fileSizeBytes": 26327,
              "checksum": "3b6925fa3e363273177f463c2844a2de",
              "checksumAlgorithm": "MD5"
            },
            {
              "fileName": "NEON.D11.CLBJ.DP1.00024.001.000.020.001.PARPAR_1min.2022-12.basic.20230103T224845Z.csv",
              "downloadFileName": null,
              "uri": "https://data.neonscience.org/api/v0/data/DP1.00024.001/CLBJ/2022-12/NEON.D11.CLBJ.DP1.00024.001.000.020.001.PARPAR_1min.2022-12.basic.20230103T224845Z.csv",
              "fileSizeBytes": 4132690,
              "checksum": "3d49aa686954b6841bf4a42ecb24142a",
              "checksumAlgorithm": "MD5"
            },
            {
              "fileName": "NEON.D11.CLBJ.DP1.00024.001.EML.20221201-20230101.20230103T224845Z.xml",
              "downloadFileName": null,
              "uri": "https://data.neonscience.org/api/v0/data/DP1.00024.001/CLBJ/2022-12/NEON.D11.CLBJ.DP1.00024.001.EML.20221201-20230101.20230103T224845Z.xml",
              "fileSizeBytes": 163177,
              "checksum": "9d8e028e2ac139597684138ba6253cce",
              "checksumAlgorithm": "MD5"
            },
            {
              "fileName": "NEON.D11.CLBJ.DP1.00024.001.000.050.030.PARPAR_30min.2022-12.basic.20230103T224845Z.csv",
              "downloadFileName": null,
              "uri": "https://data.neonscience.org/api/v0/data/DP1.00024.001/CLBJ/2022-12/NEON.D11.CLBJ.DP1.00024.001.000.050.030.PARPAR_30min.2022-12.basic.20230103T224845Z.csv",
              "fileSizeBytes": 190922,
              "checksum": "6a4410d009f65cc38312ebc4c2b12c04",
              "checksumAlgorithm": "MD5"
            },
            {
              "fileName": "NEON.D11.CLBJ.DP1.00024.001.readme.20230103T224845Z.txt",
              "downloadFileName": null,
              "uri": "https://data.neonscience.org/api/v0/data/DP1.00024.001/CLBJ/2022-12/NEON.D11.CLBJ.DP1.00024.001.readme.20230103T224845Z.txt",
              "fileSizeBytes": 32663,
              "checksum": "4f3bf200e54a4ee3f54c8126bf4ac405",
              "checksumAlgorithm": "MD5"
            },
            {
              "fileName": "NEON.D11.CLBJ.DP1.00024.001.sensor_positions.20230103T224845Z.csv",
              "downloadFileName": null,
              "uri": "https://data.neonscience.org/api/v0/data/DP1.00024.001/CLBJ/2022-12/NEON.D11.CLBJ.DP1.00024.001.sensor_positions.20230103T224845Z.csv",
              "fileSizeBytes": 2074,
              "checksum": "b9090fbf2c7a13b56f534ffe867630e6",
              "checksumAlgorithm": "MD5"
            },
            {
              "fileName": "NEON.D11.CLBJ.DP1.00024.001.000.040.001.PARPAR_1min.2022-12.basic.20230103T224845Z.csv",
              "downloadFileName": null,
              "uri": "https://data.neonscience.org/api/v0/data/DP1.00024.001/CLBJ/2022-12/NEON.D11.CLBJ.DP1.00024.001.000.040.001.PARPAR_1min.2022-12.basic.20230103T224845Z.csv",
              "fileSizeBytes": 4120026,
              "checksum": "e2b36891f6562441a139bee3809ec498",
              "checksumAlgorithm": "MD5"
            },
            {
              "fileName": "NEON.D11.CLBJ.DP1.00024.001.000.030.001.PARPAR_1min.2022-12.basic.20230103T224845Z.csv",
              "downloadFileName": null,
              "uri": "https://data.neonscience.org/api/v0/data/DP1.00024.001/CLBJ/2022-12/NEON.D11.CLBJ.DP1.00024.001.000.030.001.PARPAR_1min.2022-12.basic.20230103T224845Z.csv",
              "fileSizeBytes": 4098486,
              "checksum": "fd26caa82823793523fb04b1e6040baf",
              "checksumAlgorithm": "MD5"
            },
            {
              "fileName": "NEON.D11.CLBJ.DP1.00024.001.000.010.030.PARPAR_30min.2022-12.basic.20230103T224845Z.csv",
              "downloadFileName": null,
              "uri": "https://data.neonscience.org/api/v0/data/DP1.00024.001/CLBJ/2022-12/NEON.D11.CLBJ.DP1.00024.001.000.010.030.PARPAR_30min.2022-12.basic.20230103T224845Z.csv",
              "fileSizeBytes": 140564,
              "checksum": "bfb6f881daa757400cddcae114cfe144",
              "checksumAlgorithm": "MD5"
            },
            {
              "fileName": "NEON.D11.CLBJ.DP1.00024.001.000.030.030.PARPAR_30min.2022-12.basic.20230103T224845Z.csv",
              "downloadFileName": null,
              "uri": "https://data.neonscience.org/api/v0/data/DP1.00024.001/CLBJ/2022-12/NEON.D11.CLBJ.DP1.00024.001.000.030.030.PARPAR_30min.2022-12.basic.20230103T224845Z.csv",
              "fileSizeBytes": 141140,
              "checksum": "e1701da5762740519962eef46908d619",
              "checksumAlgorithm": "MD5"
            }
          ]
        }
      ]
    }
  ]
}