uid,namedLocation,domainID,siteID,plotID,plotType,pointID,nlcdClass,decimalLatitude,decimalLongitude,geodeticDatum,coordinateUncertainty,elevation,elevationUncertainty,startDate,samplingImpracticalRemarks,samplingImpractical,eventID,startCloudCoverPercentage,endCloudCoverPercentage,startRH,endRH,observedHabitat,observedAirTemp,kmPerHourObservedWindSpeed,laboratoryName,samplingProtocolVersion,remarks,measuredBy
"2fce2ad4-4952-4073-9921-a133fd9b37e8","CLBJ_036.birdGrid.brd","D11","CLBJ","CLBJ_036","distributed","C3","grasslandHerbaceous",33.395657,-97.581055,"WGS84",250.1,289.9,0.2,"2022-05-05T11:35Z",,"OK","CLBJ_036.C3.2022-05-05",100,90,93,82,"grassland",21,5,"Bird Conservancy of the Rockies","NEON.DOC.014041vK","Pt 7 was particularly hard to access 2022. Through a thicket of poison-ivy + greenbriar and across a wide creek.","NTEPP"
"9b7dfcd0-b4f0-40a8-ab0b-7033c24cbfe0","CLBJ_036.birdGrid.brd","D11","CLBJ","CLBJ_036","distributed","B2","grasslandHerbaceous",33.395657,-97.581055,"WGS84",250.1,289.9,0.2,"2022-05-05T11:51Z",,"OK","CLBJ_036.B2.2022-05-05",100,90,93,82,"grassland",21,5,"Bird Conservancy of the Rockies","NEON.DOC.014041vK","Pt 7 was particularly hard to access 2022. Through a thicket of poison-ivy + greenbriar and across a wide creek.","NTEPP"
"7862afd7-4442-40e7-a807-0277f97722ba","CLBJ_036.birdGrid.brd","D11","CLBJ","CLBJ_036","distributed","B3","grasslandHerbaceous",33.395657,-97.581055,"WGS84",250.1,289.9,0.2,"2022-05-05T12:06Z",,"OK","CLBJ_036.B3.2022-05-05",100,90,93,82,"grassland",21,5,"Bird Conservancy of the Rockies","NEON.DOC.014041vK","Pt 7 was particularly hard to access 2022. Through a thicket of poison-ivy + greenbriar and across a wide creek.","NTEPP"
"507868b0-bf11-4e5c-88cd-3b6d0ac946e0","CLBJ_036.birdGrid.brd","D11","CLBJ","CLBJ_036","distributed","A3","grasslandHerbaceous",33.395657,-97.581055,"WGS84",250.1,289.9,0.2,"2022-05-05T12:33Z",,"OK","CLBJ_036.A3.2022-05-05",100,90,93,82,"riparian",21,5,"Bird Conservancy of the Rockies","NEON.DOC.014041vK","Pt 7 was particularly hard to access 2022. Through a thicket of poison-ivy + greenbriar and across a wide creek.","NTEPP"
"7009fac3-cf40-456b-b516-49561df0eb2d","CLBJ_036.birdGrid.brd","D11","CLBJ","CLBJ_036","distributed","A2","grasslandHerbaceous",33.395657,-97.581055,"WGS84",250.1,289.9,0.2,"2022-05-05T12:48Z",,"OK","CLBJ_036.A2.2022-05-05",100,90,93,82,"riparian",21,11,"Bird Conservancy of the Rockies","NEON.DOC.014041vK","Pt 7 was particularly hard to access 2022. Through a thicket of poison-ivy + greenbriar and across a wide creek.","NTEPP"
"37a59eed-355c-4d1c-a2fc-652a86c11cc8","CLBJ_036.birdGrid.brd","D11","CLBJ","CLBJ_036","distributed","A1","grasslandHerbaceous",33.395657,-97.581055,"WGS84",250.1,289.9,0.2,"2022-05-05T13:05Z",,"OK","CLBJ_036.A1.2022-05-05",100,90,93,82,"grassland",22,11,"Bird Conservancy of the Rockies","NEON.DOC.014041vK","Pt 7 was particularly hard to access 2022. Through a thicket of poison-ivy + greenbriar and across a wide creek.","NTEPP"
"243e582f-92fe-4bbf-980c-4aaf4fb723b3","CLBJ_036.birdGrid.brd","D11","CLBJ","CLBJ_036","distributed","B1","grasslandHerbaceous",33.395657,-97.581055,"WGS84",250.1,289.9,0.2,"2022-05-05T13:20Z",,"OK","CLBJ_036.B1.2022-05-05",100,90,93,82,"grassland",22,18,"Bird Conservancy of the Rockies","NEON.DOC.014041vK","Pt 7 was particularly hard to access 2022. Through a thicket of poison-ivy + greenbriar and across a wide creek.","NTEPP"
"5261e233-7e44-4617-a1ef-ae17a1b2bd76","CLBJ_036.birdGrid.brd","D11","CLBJ","CLBJ_036","distributed","C1","grasslandHerbaceous",33.395657,-97.581055,"WGS84",250.1,289.9,0.2,"2022-05-05T13:35Z",,"OK","CLBJ_036.C1.2022-05-05",100,90,93,82,"riparian",22,18,"Bird Conservancy of the Rockies","NEON.DOC.014041vK","Pt 7 was particularly hard to access 2022. Through a thicket of poison-ivy + greenbriar and across a wide creek.","NTEPP"
"23496521-fa40-4ec1-b13d-4afd13908286","CLBJ_036.birdGrid.brd","D11","CLBJ","CLBJ_036","distributed","C2","grasslandHerbaceous",33.395657,-97.581055,"WGS84",250.1,289.9,0.2,"2022-05-05T13:52Z",,"OK","CLBJ_036.C2.2022-05-05",100,90,93,82,"grassland",22,18,"Bird Conservancy of the Rockies","NEON.DOC.014041vK","Pt 7 was particularly hard to access 2022. Through a thicket of poison-ivy + greenbriar and across a wide creek.","NTEPP"
"6fbfb8a6-8195-4db8-b2c5-86387681c336","CLBJ_038.birdGrid.brd","D11","CLBJ","CLBJ_038","distributed","A3","deciduousForest",33.412465,-97.596408,"WGS84",250.1,281.9,0.1,"2022-05-06T11:29Z",,"OK","CLBJ_038.A3.2022-05-06",0,0,90,74,"grassland",12,0,"Bird Conservancy of the Rockies","NEON.DOC.014041vK","(2022 notes) Poison-ivy and smilax has seemingly gotten worse. Lots btwn 7 & 4 & 1. Wear rain pants to reduce pain in your future.","NTEPP"
"d0923980-ab2f-4f6d-b606-7568cd3c3cd4","CLBJ_038.birdGrid.brd","D11","CLBJ","CLBJ_038","distributed","A2","deciduousForest",33.412465,-97.596408,"WGS84",250.1,281.9,0.1,"2022-05-06T11:41Z",,"OK","CLBJ_038.A2.2022-05-06",0,0,90,74,"deciduous forest",12,0,"Bird Conservancy of the Rockies","NEON.DOC.014041vK","(2022 notes) Poison-ivy and smilax has seemingly gotten worse. Lots btwn 7 & 4 & 1. Wear rain pants to reduce pain in your future.","NTEPP"
"de139ba6-15c3-465e-a5d9-49783374d07e","CLBJ_038.birdGrid.brd","D11","CLBJ","CLBJ_038","distributed","A1","deciduousForest",33.412465,-97.596408,"WGS84",250.1,281.9,0.1,"2022-05-06T11:55Z",,"OK","CLBJ_038.A1.2022-05-06",0,0,90,74,"shrubland",12,0,"Bird Conservancy of the Rockies","NEON.DOC.014041vK","(2022 notes) Poison-ivy and smilax has seemingly gotten worse. Lots btwn 7 & 4 & 1. Wear rain pants to reduce pain in your future.","NTEPP"
"9e360d4a-2240-47c6-a736-5cb98083961e","CLBJ_038.birdGrid.brd","D11","CLBJ","CLBJ_038","distributed","B1","deciduousForest",33.412465,-97.596408,"WGS84",250.1,281.9,0.1,"2022-05-06T12:10Z",,"OK","CLBJ_038.B1.2022-05-06",0,0,90,74,"deciduous forest",12,0,"Bird Conservancy of the Rockies","NEON.DOC.014041vK","(2022 notes) Poison-ivy and smilax has seemingly gotten worse. Lots btwn 7 & 4 & 1. Wear rain pants to reduce pain in your future.","NTEPP"
"01c751f0-aabb-478e-b496-bce95afcc198","CLBJ_038.birdGrid.brd","D11","CLBJ","CLBJ_038","distributed","C1","deciduousForest",33.412465,-97.596408,"WGS84",250.1,281.9,0.1,"2022-05-06T12:30Z",,"OK","CLBJ_038.C1.2022-05-06",0,0,90,74,"deciduous forest",13,0,"Bird Conservancy of the Rockies","NEON.DOC.014041vK","(2022 notes) Poison-ivy and smilax has seemingly gotten worse. Lots btwn 7 & 4 & 1. Wear rain pants to reduce pain in your future.","NTEPP"
"aac55c8d-e33d-4e5e-9ab2-ab3c6d14a9a9","CLBJ_038.birdGrid.brd","D11","CLBJ","CLBJ_038","distributed","B2","deciduousForest",33.412465,-97.596408,"WGS84",250.1,281.9,0.1,"2022-05-06T12:50Z",,"OK","CLBJ_038.B2.2022-05-06",0,0,90,74,"deciduous forest",14,2,"Bird Conservancy of the Rockies","NEON.DOC.014041vK","(2022 notes) Poison-ivy and smilax has seemingly gotten worse. Lots btwn 7 & 4 & 1. Wear rain pants to reduce pain in your future.","NTEPP"
"aa1c9c4f-2e04-450b-bc1e-85358649248d","CLBJ_038.birdGrid.brd","D11","CLBJ","CLBJ_038","distributed","C2","deciduousForest",33.412465,-97.596408,"WGS84",250.1,281.9,0.1,"2022-05-06T13:16Z",,"OK","CLBJ_038.C2.2022-05-06",0,0,90,74,"deciduous forest",14,0,"Bird Conservancy of the Rockies","NEON.DOC.014041vK","(2022 notes) Poison-ivy and smilax has seemingly gotten worse. Lots btwn 7 & 4 & 1. Wear rain pants to reduce pain in your future.","NTEPP"
"c43c97e0-db3a-4f2e-a89f-d28d4e0f84a6","CLBJ_038.birdGrid.brd","D11","CLBJ","CLBJ_038","distributed","C3","deciduousForest",33.412465,-97.596408,"WGS84",250.1,281.9,0.1,"2022-05-06T13:31Z",,"OK","CLBJ_038.C3.2022-05-06",0,0,90,74,"shrubland",15,0,"Bird Conservancy of the Rockies","NEON.DOC.014041vK","(2022 notes) Poison-ivy and smilax has seemingly gotten worse. Lots btwn 7 & 4 & 1. Wear rain pants to reduce pain in your future.","NTEPP"
"e8c220b8-4bae-4678-83f9-ad1e11d0c0c4","CLBJ_038.birdGrid.brd","D11","CLBJ","CLBJ_038","distributed","B3","deciduousForest",33.412465,-97.596408,"WGS84",250.1,281.9,0.1,"2022-05-06T13:52Z",,"OK","CLBJ_038.B3.2022-05-06",0,0,90,74,"mixed deciduous/evergreen forest",14,0,"Bird Conservancy of the Rockies","NEON.DOC.014041vK","(2022 notes) Poison-ivy and smilax has seemingly gotten worse. Lots btwn 7 & 4 & 1. Wear rain pants to reduce pain in your future.","NTEPP"
"b05137a2-97c5-4535-bf5e-dfd74f57076a","CLBJ_065.birdGrid.brd","D11","CLBJ","CLBJ_065","distributed","C1","grasslandHerbaceous",33.405044,-97.601057,"WGS84",250.1,294.9,0.1,"2022-05-06T14:11Z",,"OK","CLBJ_065.C1.2022-05-06",0,0,74,52,"riparian",14,5,"Bird Conservancy of the Rockies","NEON.DOC.014041vK",,"NTEPP"
"11e04f6f-bc6d-417f-ba06-86ce427ec1d9","CLBJ_065.birdGrid.brd","D11","CLBJ","CLBJ_065","distributed","C2","grasslandHerbaceous",33.405044,-97.601057,"WGS84",250.1,294.9,0.1,"2022-05-06T14:24Z",,"OK","CLBJ_065.C2.2022-05-06",0,0,74,52,"riparian",16,5,"Bird Conservancy of the Rockies","NEON.DOC.014041vK",,"NTEPP"
"d165d672-f0c0-444d-b7c3-3a1fe0b8c228","CLBJ_065.birdGrid.brd","D11","CLBJ","CLBJ_065","distributed","C3","grasslandHerbaceous",33.405044,-97.601057,"WGS84",250.1,294.9,0.1,"2022-05-06T14:33Z",,"OK","CLBJ_065.C3.2022-05-06",0,0,74,52,"riparian",19,6,"Bird Conservancy of the Rockies","NEON.DOC.014041vK",,"NTEPP"
"07cb6768-6318-48b6-818a-f3321a457b5a","CLBJ_065.birdGrid.brd","D11","CLBJ","CLBJ_065","distributed","B3","grasslandHerbaceous",33.405044,-97.601057,"WGS84",250.1,294.9,0.1,"2022-05-06T14:44Z",,"OK","CLBJ_065.B3.2022-05-06",0,0,74,52,"shrubland",19,6,"Bird Conservancy of the Rockies","NEON.DOC.014041vK",,"NTEPP"
"725c0a5b-5c61-4a29-b2ee-db8103227b82","CLBJ_065.birdGrid.brd","D11","CLBJ","CLBJ_065","distributed","A3","grasslandHerbaceous",33.405044,-97.601057,"WGS84",250.1,294.9,0.1,"2022-05-06T14:55Z",,"OK","CLBJ_065.A3.2022-05-06",0,0,74,52,"riparian",19,6,"Bird Conservancy of the Rockies","NEON.DOC.014041vK",,"NTEPP"
"1048ce17-b099-404b-b0cd-7bcb910e2975","CLBJ_065.birdGrid.brd","D11","CLBJ","CLBJ_065","distributed","B2","grasslandHerbaceous",33.405044,-97.601057,"WGS84",250.1,294.9,0.1,"2022-05-06T15:05Z",,"OK","CLBJ_065.B2.2022-05-06",0,0,74,52,"grassland",20,6,"Bird Conservancy of the Rockies","NEON.DOC.014041vK",,"NTEPP"
"d79dc3dc-0e7b-40c0-97ad-61caa2c16b17","CLBJ_065.birdGrid.brd","D11","CLBJ","CLBJ_065","distributed","A2","grasslandHerbaceous",33.405044,-97.601057,"WGS84",250.1,294.9,0.1,"2022-05-06T15:15Z",,"OK","CLBJ_065.A2.2022-05-06",0,0,74,52,"riparian",21,6,"Bird Conservancy of the Rockies","NEON.DOC.014041vK",,"NTEPP"
"ba506e43-6354-4b45-bd6c-953a9e10700c","CLBJ_065.birdGrid.brd","D11","CLBJ","CLBJ_065","distributed","A1","grasslandHerbaceous",33.405044,-97.601057,"WGS84",250.1,294.9,0.1,"2022-05-06T15:26Z",,"OK","CLBJ_065.A1.2022-05-06",0,0,74,52,"shrubland",22,10,"Bird Conservancy of the Rockies","NEON.DOC.014041vK",,"NTEPP"
"adf0817f-64cf-4c38-ba2e-4de568a16de1","CLBJ_065.birdGrid.brd","D11","CLBJ","CLBJ_065","distributed","B1","grasslandHerbaceous",33.405044,-97.601057,"WGS84",250.1,294.9,0.1,"2022-05-06T15:40Z",,"OK","CLBJ_065.B1.2022-05-06",0,0,74,52,"shrubland",22,10,"Bird Conservancy of the Rockies","NEON.DOC.014041vK",,"NTEPP"
"a7733e9b-9422-4d8e-a0e7-29cdf18f57dc","CLBJ_031.birdGrid.brd","D11","CLBJ","CLBJ_031","distributed","C3","grasslandHerbaceous",33.374785,-97.595114,"WGS84",250.1,294.7,0.1,"2022-05-10T11:25Z",,"OK","CLBJ_031.C3.2022-05-10",0,90,84,76,"shrubland",24,19,"Bird Conservancy of the Rockies","NEON.DOC.014041vK","UNTI on pt6 minute 6 was a BCTI x TUTI hybrid with a pale rusty forehead and dark gray front of the crest","NTEPP"
"ef106225-6120-467a-bb91-2eaceacf1da4","CLBJ_031.birdGrid.brd","D11","CLBJ","CLBJ_031","distributed","B3","grasslandHerbaceous",33.374785,-97.595114,"WGS84",250.1,294.7,0.1,"2022-05-10T11:39Z",,"OK","CLBJ_031.B3.2022-05-10",0,90,84,76,"shrubland",24,13,"Bird Conservancy of the Rockies","NEON.DOC.014041vK","UNTI on pt6 minute 6 was a BCTI x TUTI hybrid with a pale rusty forehead and dark gray front of the crest","NTEPP"
"f6d3c66b-7aaf-4b5b-bc7d-9c24c08b39cc","CLBJ_031.birdGrid.brd","D11","CLBJ","CLBJ_031","distributed","A3","grasslandHerbaceous",33.374785,-97.595114,"WGS84",250.1,294.7,0.1,"2022-05-10T11:53Z",,"OK","CLBJ_031.A3.2022-05-10",0,90,84,76,"deciduous forest",25,19,"Bird Conservancy of the Rockies","NEON.DOC.014041vK","UNTI on pt6 minute 6 was a BCTI x TUTI hybrid with a pale rusty forehead and dark gray front of the crest","NTEPP"
"63452d33-6020-4ccb-9c7b-839692bcd97d","CLBJ_031.birdGrid.brd","D11","CLBJ","CLBJ_031","distributed","A2","grasslandHerbaceous",33.374785,-97.595114,"WGS84",250.1,294.7,0.1,"2022-05-10T12:09Z",,"OK","CLBJ_031.A2.2022-05-10",0,90,84,76,"deciduous forest",25,19,"Bird Conservancy of the Rockies","NEON.DOC.014041vK","UNTI on pt6 minute 6 was a BCTI x TUTI hybrid with a pale rusty forehead and dark gray front of the crest","NTEPP"
"b108e4ca-30d2-48f1-9d92-079bdfb16478","CLBJ_031.birdGrid.brd","D11","CLBJ","CLBJ_031","distributed","A1","grasslandHerbaceous",33.374785,-97.595114,"WGS84",250.1,294.7,0.1,"2022-05-10T12:31Z",,"OK","CLBJ_031.A1.2022-05-10",0,90,84,76,"deciduous forest",25,13,"Bird Conservancy of the Rockies","NEON.DOC.014041vK","UNTI on pt6 minute 6 was a BCTI x TUTI hybrid with a pale rusty forehead and dark gray front of the crest","NTEPP"
"b2270476-6841-47cb-8bac-51ecf2d6e9b9","CLBJ_031.birdGrid.brd","D11","CLBJ","CLBJ_031","distributed","B1","grasslandHerbaceous",33.374785,-97.595114,"WGS84",250.1,294.7,0.1,"2022-05-10T12:47Z",,"OK","CLBJ_031.B1.2022-05-10",0,90,84,76,"shrubland",25,18,"Bird Conservancy of the Rockies","NEON.DOC.014041vK","UNTI on pt6 minute 6 was a BCTI x TUTI hybrid with a pale rusty forehead and dark gray front of the crest","NTEPP"
"09599e56-35e8-48fc-a73d-4b8daf01149a","CLBJ_031.birdGrid.brd","D11","CLBJ","CLBJ_031","distributed","C1","grasslandHerbaceous",33.374785,-97.595114,"WGS84",250.1,294.7,0.1,"2022-05-10T12:59Z",,"OK","CLBJ_031.C1.2022-05-10",0,90,84,76,"grassland",25,19,"Bird Conservancy of the Rockies","NEON.DOC.014041vK","UNTI on pt6 minute 6 was a BCTI x TUTI hybrid with a pale rusty forehead and dark gray front of the crest","NTEPP"
"771b955c-34f7-42b6-bede-200a8fcda0fb","CLBJ_031.birdGrid.brd","D11","CLBJ","CLBJ_031","distributed","B2","grasslandHerbaceous",33.374785,-97.595114,"WGS84",250.1,294.7,0.1,"2022-05-10T13:17Z",,"OK","CLBJ_031.B2.2022-05-10",0,90,84,76,"grassland",25,19,"Bird Conservancy of the Rockies","NEON.DOC.014041vK","UNTI on pt6 minute 6 was a BCTI x TUTI hybrid with a pale rusty forehead and dark gray front of the crest","NTEPP"
"24c13dcf-6133-4382-b746-826f2ee71dad","CLBJ_031.birdGrid.brd","D11","CLBJ","CLBJ_031","distributed","C2","grasslandHerbaceous",33.374785,-97.595114,"WGS84",250.1,294.7,0.1,"2022-05-10T13:32Z",,"OK","CLBJ_031.C2.2022-05-10",0,90,84,76,"grassland",25,19,"Bird Conservancy of the Rockies","NEON.DOC.014041vK","UNTI on pt6 minute 6 was a BCTI x TUTI hybrid with a pale rusty forehead and dark gray front of the crest","NTEPP"
"2a9a7112-2f58-4cb3-949d-0cd5c0fc8d45","CLBJ_062.birdGrid.brd","D11","CLBJ","CLBJ_062","distributed","C3","deciduousForest",33.387028,-97.603956,"WGS84",250.2,280.7,0.2,"2022-05-11T11:35Z",,"OK","CLBJ_062.C3.2022-05-11",60,80,83,73,"grassland",22,8,"Bird Conservancy of the Rockies","NEON.DOC.014041vK","Point 7 - the PIWO observed in minute 6 was on the nesting snag.","NTEPP"
"fdac0230-f20a-4679-b7eb-fe9990e3aa1c","CLBJ_062.birdGrid.brd","D11","CLBJ","CLBJ_062","distributed","B2","deciduousForest",33.387028,-97.603956,"WGS84",250.2,280.7,0.2,"2022-05-11T11:51Z",,"OK","CLBJ_062.B2.2022-05-11",60,80,83,73,"grassland",22,8,"Bird Conservancy of the Rockies","NEON.DOC.014041vK","Point 7 - the PIWO observed in minute 6 was on the nesting snag.","NTEPP"
"bd3c3380-d4a0-4215-910a-13b857604e92","CLBJ_062.birdGrid.brd","D11","CLBJ","CLBJ_062","distributed","B3","deciduousForest",33.387028,-97.603956,"WGS84",250.2,280.7,0.2,"2022-05-11T12:09Z",,"OK","CLBJ_062.B3.2022-05-11",60,80,83,73,"deciduous forest",22,8,"Bird Conservancy of the Rockies","NEON.DOC.014041vK","Point 7 - the PIWO observed in minute 6 was on the nesting snag.","NTEPP"
"23f7d9d0-b750-46f1-b8ba-e97644aa17dd","CLBJ_062.birdGrid.brd","D11","CLBJ","CLBJ_062","distributed","A3","deciduousForest",33.387028,-97.603956,"WGS84",250.2,280.7,0.2,"2022-05-11T12:21Z",,"OK","CLBJ_062.A3.2022-05-11",60,80,83,73,"mixed deciduous/evergreen forest",23,8,"Bird Conservancy of the Rockies","NEON.DOC.014041vK","Point 7 - the PIWO observed in minute 6 was on the nesting snag.","NTEPP"
"d26a5e1b-df15-48d6-a025-fcd68ef0beaf","CLBJ_062.birdGrid.brd","D11","CLBJ","CLBJ_062","distributed","A2","deciduousForest",33.387028,-97.603956,"WGS84",250.2,280.7,0.2,"2022-05-11T12:42Z",,"OK","CLBJ_062.A2.2022-05-11",60,80,83,73,"grassland",23,13,"Bird Conservancy of the Rockies","NEON.DOC.014041vK","Point 7 - the PIWO observed in minute 6 was on the nesting snag.","NTEPP"
"553e2ffe-d6ad-469c-b961-a05dc586557b","CLBJ_062.birdGrid.brd","D11","CLBJ","CLBJ_062","distributed","A1","deciduousForest",33.387028,-97.603956,"WGS84",250.2,280.7,0.2,"2022-05-11T13:17Z",,"OK","CLBJ_062.A1.2022-05-11",60,80,83,73,"mixed deciduous/evergreen forest",24,13,"Bird Conservancy of the Rockies","NEON.DOC.014041vK","Point 7 - the PIWO observed in minute 6 was on the nesting snag.","NTEPP"
"270919e8-807d-4112-b66c-532c20294a70","CLBJ_062.birdGrid.brd","D11","CLBJ","CLBJ_062","distributed","B1","deciduousForest",33.387028,-97.603956,"WGS84",250.2,280.7,0.2,"2022-05-11T13:34Z",,"OK","CLBJ_062.B1.2022-05-11",60,80,83,73,"mixed deciduous/evergreen forest",24,13,"Bird Conservancy of the Rockies","NEON.DOC.014041vK","Point 7 - the PIWO observed in minute 6 was on the nesting snag.","NTEPP"
"1eb428ac-dd5a-4fe1-a5ac-37083096fd68","CLBJ_062.birdGrid.brd","D11","CLBJ","CLBJ_062","distributed","C1","deciduousForest",33.387028,-97.603956,"WGS84",250.2,280.7,0.2,"2022-05-11T13:51Z",,"OK","CLBJ_062.C1.2022-05-11",60,80,83,73,"deciduous forest",25,13,"Bird Conservancy of the Rockies","NEON.DOC.014041vK","Point 7 - the PIWO observed in minute 6 was on the nesting snag.","NTEPP"
"6d370b5e-9e6d-47fd-898e-bd4c794cf1e9","CLBJ_062.birdGrid.brd","D11","CLBJ","CLBJ_062","distributed","C2","deciduousForest",33.387028,-97.603956,"WGS84",250.2,280.7,0.2,"2022-05-11T14:05Z",,"OK","CLBJ_062.C2.2022-05-11",60,80,83,73,"mixed deciduous/evergreen forest",25,16,"Bird Conservancy of the Rockies","NEON.DOC.014041vK","Point 7 - the PIWO observed in minute 6 was on the nesting snag.","NTEPP"
"062a5d82-caee-420c-9b50-cbe1b8524129","CLBJ_034.birdGrid.brd","D11","CLBJ","CLBJ_034","distributed","A2","grasslandHerbaceous",33.323321,-97.579708,"WGS84",250.1,311.5,0.1,"2022-05-12T11:32Z",,"OK","CLBJ_034.A2.2022-05-12",0,10,88,72,"grassland",21,11,"Bird Conservancy of the Rockies","NEON.DOC.014041vK",,"NTEPP"
"1436ac41-6e06-4ba4-af32-928f84f087d7","CLBJ_034.birdGrid.brd","D11","CLBJ","CLBJ_034","distributed","A3","grasslandHerbaceous",33.323321,-97.579708,"WGS84",250.1,311.5,0.1,"2022-05-12T11:49Z",,"OK","CLBJ_034.A3.2022-05-12",0,10,88,72,"riparian",21,11,"Bird Conservancy of the Rockies","NEON.DOC.014041vK",,"NTEPP"
"43aa7d96-c390-42b1-b1b5-5e753792d68e","CLBJ_034.birdGrid.brd","D11","CLBJ","CLBJ_034","distributed","B3","grasslandHerbaceous",33.323321,-97.579708,"WGS84",250.1,311.5,0.1,"2022-05-12T12:09Z",,"OK","CLBJ_034.B3.2022-05-12",0,10,88,72,"riparian",21,11,"Bird Conservancy of the Rockies","NEON.DOC.014041vK",,"NTEPP"
"ea3dabc3-5034-45a4-aec6-b3aeb63cb700","CLBJ_034.birdGrid.brd","D11","CLBJ","CLBJ_034","distributed","C3","grasslandHerbaceous",33.323321,-97.579708,"WGS84",250.1,311.5,0.1,"2022-05-12T12:23Z",,"OK","CLBJ_034.C3.2022-05-12",0,10,88,72,"riparian",22,13,"Bird Conservancy of the Rockies","NEON.DOC.014041vK",,"NTEPP"
"4204ee0a-424b-4337-9c7e-a1c1d54f360d","CLBJ_034.birdGrid.brd","D11","CLBJ","CLBJ_034","distributed","C2","grasslandHerbaceous",33.323321,-97.579708,"WGS84",250.1,311.5,0.1,"2022-05-12T12:43Z",,"OK","CLBJ_034.C2.2022-05-12",0,10,88,72,"grassland",23,13,"Bird Conservancy of the Rockies","NEON.DOC.014041vK",,"NTEPP"
"a9f2037b-87b4-407b-840a-fd5fe190a3c3","CLBJ_034.birdGrid.brd","D11","CLBJ","CLBJ_034","distributed","C1","grasslandHerbaceous",33.323321,-97.579708,"WGS84",250.1,311.5,0.1,"2022-05-12T13:00Z",,"OK","CLBJ_034.C1.2022-05-12",0,10,88,72,"mixed deciduous/evergreen forest",23,11,"Bird Conservancy of the Rockies","NEON.DOC.014041vK",,"NTEPP"
"62e4cda0-c0bc-471f-8813-e406345a23f7","CLBJ_034.birdGrid.brd","D11","CLBJ","CLBJ_034","distributed","B1","grasslandHerbaceous",33.323321,-97.579708,"WGS84",250.1,311.5,0.1,"2022-05-12T13:20Z",,"OK","CLBJ_034.B1.2022-05-12",0,10,88,72,"shrubland",23,15,"Bird Conservancy of the Rockies","NEON.DOC.014041vK",,"NTEPP"
"35b4e77e-2bab-4805-8684-9df55c3d4966","CLBJ_034.birdGrid.brd","D11","CLBJ","CLBJ_034","distributed","B2","grasslandHerbaceous",33.323321,-97.579708,"WGS84",250.1,311.5,0.1,"2022-05-12T13:43Z",,"OK","CLBJ_034.B2.2022-05-12",0,10,88,72,"riparian",23,15,"Bird Conservancy of the Rockies","NEON.DOC.014041vK",,"NTEPP"
"c3413b4d-fd88-46a5-bc80-eb7bc377e4ad","CLBJ_034.birdGrid.brd","D11","CLBJ","CLBJ_034","distributed","A1","grasslandHerbaceous",33.323321,-97.579708,"WGS84",250.1,311.5,0.1,"2022-05-12T14:07Z",,"OK","CLBJ_034.A1.2022-05-12",0,10,88,72,"grassland",23,19,"Bird Conservancy of the Rockies","NEON.DOC.014041vK",,"NTEPP"
"5d6711ae-0a14-418e-adb7-79c03ec157c2","CLBJ_063.birdGrid.brd","D11","CLBJ","CLBJ_063","distributed","A3","deciduousForest",33.348820,-97.594764,"WGS84",250.1,312.5,0.1,"2022-05-13T11:34Z",,"OK","CLBJ_063.A3.2022-05-13",0,0,81,76,"deciduous forest",22,10,"Bird Conservancy of the Rockies","NEON.DOC.014041vK","How code 'O' for MODO pt9 minute 4= wing whistle.","NTEPP"
"4ae44975-0779-45f9-a6aa-1217983a2879","CLBJ_063.birdGrid.brd","D11","CLBJ","CLBJ_063","distributed","A2","deciduousForest",33.348820,-97.594764,"WGS84",250.1,312.5,0.1,"2022-05-13T11:53Z",,"OK","CLBJ_063.A2.2022-05-13",0,0,81,76,"deciduous forest",22,10,"Bird Conservancy of the Rockies","NEON.DOC.014041vK","How code 'O' for MODO pt9 minute 4= wing whistle.","NTEPP"
"f31cc06e-6368-4721-b648-dda363a02654","CLBJ_063.birdGrid.brd","D11","CLBJ","CLBJ_063","distributed","A1","deciduousForest",33.348820,-97.594764,"WGS84",250.1,312.5,0.1,"2022-05-13T12:13Z",,"OK","CLBJ_063.A1.2022-05-13",0,0,81,76,"deciduous forest",22,13,"Bird Conservancy of the Rockies","NEON.DOC.014041vK","How code 'O' for MODO pt9 minute 4= wing whistle.","NTEPP"
"3b47467e-7df7-4bca-9d52-091238e641c7","CLBJ_063.birdGrid.brd","D11","CLBJ","CLBJ_063","distributed","B1","deciduousForest",33.348820,-97.594764,"WGS84",250.1,312.5,0.1,"2022-05-13T12:31Z",,"OK","CLBJ_063.B1.2022-05-13",0,0,81,76,"deciduous forest",22,13,"Bird Conservancy of the Rockies","NEON.DOC.014041vK","How code 'O' for MODO pt9 minute 4= wing whistle.","NTEPP"
"dcfebb63-454f-4afe-baeb-12b82761e0d7","CLBJ_063.birdGrid.brd","D11","CLBJ","CLBJ_063","distributed","B2","deciduousForest",33.348820,-97.594764,"WGS84",250.1,312.5,0.1,"2022-05-13T12:49Z",,"OK","CLBJ_063.B2.2022-05-13",0,0,81,76,"deciduous forest",23,13,"Bird Conservancy of the Rockies","NEON.DOC.014041vK","How code 'O' for MODO pt9 minute 4= wing whistle.","NTEPP"
"23fb2079-8c24-406f-82ca-b4790d36b842","CLBJ_063.birdGrid.brd","D11","CLBJ","CLBJ_063","distributed","C1","deciduousForest",33.348820,-97.594764,"WGS84",250.1,312.5,0.1,"2022-05-13T13:07Z",,"OK","CLBJ_063.C1.2022-05-13",0,0,81,76,"grassland",23,13,"Bird Conservancy of the Rockies","NEON.DOC.014041vK","How code 'O' for MODO pt9 minute 4= wing whistle.","NTEPP"
"8c1e2445-a6b0-42ae-a54d-7e98985c5a96","CLBJ_063.birdGrid.brd","D11","CLBJ","CLBJ_063","distributed","C2","deciduousForest",33.348820,-97.594764,"WGS84",250.1,312.5,0.1,"2022-05-13T13:25Z",,"OK","CLBJ_063.C2.2022-05-13",0,0,81,76,"deciduous forest",23,13,"Bird Conservancy of the Rockies","NEON.DOC.014041vK","How code 'O' for MODO pt9 minute 4= wing whistle.","NTEPP"
"4b6bd545-0c5c-4343-b79c-b4f3b6fda6b2","CLBJ_063.birdGrid.brd","D11","CLBJ","CLBJ_063","distributed","C3","deciduousForest",33.348820,-97.594764,"WGS84",250.1,312.5,0.1,"2022-05-13T13:42Z",,"OK","CLBJ_063.C3.2022-05-13",0,0,81,76,"grassland",23,13,"Bird Conservancy of the Rockies","NEON.DOC.014041vK","How code 'O' for MODO pt9 minute 4= wing whistle.","NTEPP"
"8f82f610-c9f1-4766-94b2-d35339599e32","CLBJ_063.birdGrid.brd","D11","CLBJ","CLBJ_063","distributed","B3","deciduousForest",33.348820,-97.594764,"WGS84",250.1,312.5,0.1,"2022-05-13T14:00Z",,"OK","CLBJ_063.B3.2022-05-13",0,0,81,76,"deciduous forest",23,16,"Bird Conservancy of the Rockies","NEON.DOC.014041vK","How code 'O' for MODO pt9 minute 4= wing whistle.","NTEPP"
"912baa56-7ad7-4650-8b02-60a302aade29","CLBJ_061.birdGrid.brd","D11","CLBJ","CLBJ_061","distributed","B1","deciduousForest",33.402063,-97.648133,"WGS84",250.1,296.1,0.1,"2022-05-14T11:26Z",,"OK","CLBJ_061.B1.2022-05-14",10,0,72,74,"deciduous forest",18,0,"Bird Conservancy of the Rockies","NEON.DOC.014041vK",,"NTEPP"
"9039a6ef-ae93-4414-8fac-0a7af051449f","CLBJ_061.birdGrid.brd","D11","CLBJ","CLBJ_061","distributed","A1","deciduousForest",33.402063,-97.648133,"WGS84",250.1,296.1,0.1,"2022-05-14T11:40Z",,"OK","CLBJ_061.A1.2022-05-14",10,0,72,74,"riparian",18,0,"Bird Conservancy of the Rockies","NEON.DOC.014041vK",,"NTEPP"
"e6f05677-eae9-47ab-b13f-642e25eb1df2","CLBJ_061.birdGrid.brd","D11","CLBJ","CLBJ_061","distributed","A2","deciduousForest",33.402063,-97.648133,"WGS84",250.1,296.1,0.1,"2022-05-14T11:51Z",,"OK","CLBJ_061.A2.2022-05-14",10,0,72,74,"shrubland",18,0,"Bird Conservancy of the Rockies","NEON.DOC.014041vK",,"NTEPP"
"ca02cd52-f70c-436a-b992-dad3c9e4f2ae","CLBJ_061.birdGrid.brd","D11","CLBJ","CLBJ_061","distributed","B2","deciduousForest",33.402063,-97.648133,"WGS84",250.1,296.1,0.1,"2022-05-14T12:04Z",,"OK","CLBJ_061.B2.2022-05-14",10,0,72,74,"deciduous forest",18,2,"Bird Conservancy of the Rockies","NEON.DOC.014041vK",,"NTEPP"
"078dfa18-4fd2-435c-b3b9-6e05393f0aa1","CLBJ_061.birdGrid.brd","D11","CLBJ","CLBJ_061","distributed","A3","deciduousForest",33.402063,-97.648133,"WGS84",250.1,296.1,0.1,"2022-05-14T12:22Z",,"OK","CLBJ_061.A3.2022-05-14",10,0,72,74,"riparian",18,2,"Bird Conservancy of the Rockies","NEON.DOC.014041vK",,"NTEPP"
"a28176b4-9e2f-4310-b51e-38ed006bca28","CLBJ_061.birdGrid.brd","D11","CLBJ","CLBJ_061","distributed","B3","deciduousForest",33.402063,-97.648133,"WGS84",250.1,296.1,0.1,"2022-05-14T12:36Z",,"OK","CLBJ_061.B3.2022-05-14",10,0,72,74,"shrubland",18,2,"Bird Conservancy of the Rockies","NEON.DOC.014041vK",,"NTEPP"
"d9f6a21f-4af8-4ab0-bbc2-7224f149a78b","CLBJ_061.birdGrid.brd","D11","CLBJ","CLBJ_061","distributed","C3","deciduousForest",33.402063,-97.648133,"WGS84",250.1,296.1,0.1,"2022-05-14T12:48Z",,"OK","CLBJ_061.C3.2022-05-14",10,0,72,74,"mixed deciduous/evergreen forest",19,2,"Bird Conservancy of the Rockies","NEON.DOC.014041vK",,"NTEPP"
"c762e08c-0502-4d74-b02f-0ff29badf118","CLBJ_061.birdGrid.brd","D11","CLBJ","CLBJ_061","distributed","C2","deciduousForest",33.402063,-97.648133,"WGS84",250.1,296.1,0.1,"2022-05-14T13:07Z",,"OK","CLBJ_061.C2.2022-05-14",10,0,72,74,"grassland",19,2,"Bird Conservancy of the Rockies","NEON.DOC.014041vK",,"NTEPP"
"3adfd42d-fb14-4f19-8c45-a3aae8fb1fb7","CLBJ_061.birdGrid.brd","D11","CLBJ","CLBJ_061","distributed","C1","deciduousForest",33.402063,-97.648133,"WGS84",250.1,296.1,0.1,"2022-05-14T13:17Z",,"OK","CLBJ_061.C1.2022-05-14",10,0,72,74,"grassland",20,2,"Bird Conservancy of the Rockies","NEON.DOC.014041vK",,"NTEPP"
"00e084fe-9fb3-459e-8211-c940fa598cbe","CLBJ_064.birdGrid.brd","D11","CLBJ","CLBJ_064","distributed","A3","deciduousForest",33.410799,-97.636526,"WGS84",250.1,306.6,0.1,"2022-05-14T13:44Z",,"OK","CLBJ_064.A3.2022-05-14",0,10,74,52,"evergreen forest",20,2,"Bird Conservancy of the Rockies","NEON.DOC.014041vK",,"NTEPP"
"4b7f3023-17e1-4fd7-aa39-5de078152b7f","CLBJ_064.birdGrid.brd","D11","CLBJ","CLBJ_064","distributed","A2","deciduousForest",33.410799,-97.636526,"WGS84",250.1,306.6,0.1,"2022-05-14T13:57Z",,"OK","CLBJ_064.A2.2022-05-14",0,10,74,52,"deciduous forest",20,3,"Bird Conservancy of the Rockies","NEON.DOC.014041vK",,"NTEPP"
"dd762f52-3eaa-42d1-84d4-4b49848c1b23","CLBJ_064.birdGrid.brd","D11","CLBJ","CLBJ_064","distributed","A1","deciduousForest",33.410799,-97.636526,"WGS84",250.1,306.6,0.1,"2022-05-14T14:12Z",,"OK","CLBJ_064.A1.2022-05-14",0,10,74,52,"shrubland",21,3,"Bird Conservancy of the Rockies","NEON.DOC.014041vK",,"NTEPP"
"4ee24e3d-6680-497d-aacb-a4a1a1a4e223","CLBJ_064.birdGrid.brd","D11","CLBJ","CLBJ_064","distributed","B1","deciduousForest",33.410799,-97.636526,"WGS84",250.1,306.6,0.1,"2022-05-14T14:32Z",,"OK","CLBJ_064.B1.2022-05-14",0,10,74,52,"mixed deciduous/evergreen forest",22,3,"Bird Conservancy of the Rockies","NEON.DOC.014041vK",,"NTEPP"
"367d9586-4a84-4604-ae12-aeb7e5670dec","CLBJ_064.birdGrid.brd","D11","CLBJ","CLBJ_064","distributed","B2","deciduousForest",33.410799,-97.636526,"WGS84",250.1,306.6,0.1,"2022-05-14T14:44Z",,"OK","CLBJ_064.B2.2022-05-14",0,10,74,52,"mixed deciduous/evergreen forest",24,3,"Bird Conservancy of the Rockies","NEON.DOC.014041vK",,"NTEPP"
"c4d82876-87dc-45a6-b746-bbbb896b2a69","CLBJ_064.birdGrid.brd","D11","CLBJ","CLBJ_064","distributed","C1","deciduousForest",33.410799,-97.636526,"WGS84",250.1,306.6,0.1,"2022-05-14T14:59Z",,"OK","CLBJ_064.C1.2022-05-14",0,10,74,52,"deciduous forest",25,3,"Bird Conservancy of the Rockies","NEON.DOC.014041vK",,"NTEPP"
"6c2c5daa-726b-45d0-a72c-2c5e8334a992","CLBJ_064.birdGrid.brd","D11","CLBJ","CLBJ_064","distributed","C2","deciduousForest",33.410799,-97.636526,"WGS84",250.1,306.6,0.1,"2022-05-14T15:11Z",,"OK","CLBJ_064.C2.2022-05-14",0,10,74,52,"mixed deciduous/evergreen forest",27,8,"Bird Conservancy of the Rockies","NEON.DOC.014041vK",,"NTEPP"
"df5ae369-404b-4f5e-98cb-a9371c1bd20d","CLBJ_064.birdGrid.brd","D11","CLBJ","CLBJ_064","distributed","C3","deciduousForest",33.410799,-97.636526,"WGS84",250.1,306.6,0.1,"2022-05-14T15:27Z",,"OK","CLBJ_064.C3.2022-05-14",0,10,74,52,"mixed deciduous/evergreen forest",27,8,"Bird Conservancy of the Rockies","NEON.DOC.014041vK",,"NTEPP"
"f1427294-2f4f-407d-ac0c-c4699481ee0b","CLBJ_064.birdGrid.brd","D11","CLBJ","CLBJ_064","distributed","B3","deciduousForest",33.410799,-97.636526,"WGS84",250.1,306.6,0.1,"2022-05-14T15:38Z",,"OK","CLBJ_064.B3.2022-05-14",0,10,74,52,"evergreen forest",27,8,"Bird Conservancy of the Rockies","NEON.DOC.014041vK",,"NTEPP"
