{
  "uuid": "c948471a-1380-4d26-a96d-6a33c5a2f205",
  "timestamp": "2023-02-03T14:50:03Z",
  "zipFileName": "NEON_count-landbird",
  "mimeType": "application/zip",
  "productCode": "DP1.10003.001",
  "productName": "Breeding landbird point counts",
  "siteCodes": [
    "CLBJ"
  ],
  "startDate": "2022-05-01T00:00:00Z",
  "endDate": "2022-05-31T23:59:59Z",
  "packageType": "basic",
  "documents": [
    {
      "fileName": "NEON.DOC.014041vK.pdf",
      "downloadFileName": null,
      "type": "application/pdf",
      "fileSizeBytes": 3778463,
      "description": "TOS Protocol and Procedure: BRD – Breeding Landbird Abundance and Diversity",
      "uri": "https://data.neonscience.org/api/v0/documents/NEON.DOC.014041vK"
    },
    {
      "fileName": "NEON.DOC.000916vD.pdf",
      "downloadFileName": null,
      "type": "application/pdf",
      "fileSizeBytes": 1654075,
      "description": "TOS Science Design for Breeding Landbird Abundance and Diversity",
      "uri": "https://data.neonscience.org/api/v0/documents/NEON.DOC.000916vD"
    },
    {
      "fileName": "NEON_bird_userGuide_vC.pdf",
      "downloadFileName": null,
      "type": "application/pdf",
      "fileSizeBytes": 297054,
      "description": "NEON User Guide to Breeding Landbird Point Counts (DP1.10003.001)",
      "uri": "https://data.neonscience.org/api/v0/documents/NEON_bird_userGuide_vC"
    },
    {
      "fileName": "NEON.QSG.DP1.10003.001v1.pdf",
      "downloadFileName": null,
      "type": "application/pdf",
      "fileSizeBytes": 241528,
      "description": "Quick Start Guide for Breeding landbird point counts (DP1.10003.001)",
      "uri": "https://data.neonscience.org/api/v0/documents/quick-start-guides/NEON.QSG.DP1.10003.001v1.pdf"
    }
  ],
  "releases": [
    {
      "release": "PROVISIONAL",
      "generationDate": null,
      "packages": [
        {
          "release": "PROVISIONAL",
          "productCode": "DP1.10003.001",
          "domainCode": "D11",
          "siteCode": "CLBJ",
          "month": "2022-05",
          "packageType": "basic",
          "generationDate": "2022-11-29T23:41:20Z",
          "files": [
            {
              "fileName": "NEON.D11.CLBJ.DP0.10003.001.categoricalCodes.20221129T234114Z.csv",
              "downloadFileName": null,
              "uri": "https://data.neonscience.org/api/v0/data/DP1.10003.001/CLBJ/2022-05/NEON.D11.CLBJ.DP0.10003.001.categoricalCodes.20221129T234114Z.csv",
              "fileSizeBytes": 11058,
              "checksum": "b54a6bf335814e90fb911e048352e789",
              "checksumAlgorithm": "MD5"
            },
            {
              "fileName": "NEON.D11.CLBJ.DP1.10003.001.readme.20221129T234114Z.txt",
              "downloadFileName": null,
              "uri": "https://data.neonscience.org/api/v0/data/DP1.10003.001/CLBJ/2022-05/NEON.D11.CLBJ.DP1.10003.001.readme.20221129T234114Z.txt",
              "fileSizeBytes": 12614,
              "checksum": "a6ddee2050e10bcbf6e6ae2fb1b2333a",
              "checksumAlgorithm": "MD5"
            },
            {
              "fileName": "NEON.D11.CLBJ.DP0.10003.001.validation.20221129T234114Z.csv",
              "downloadFileName": null,
              "uri": "https://data.neonscience.org/api/v0/data/DP1.10003.001/CLBJ/2022-05/NEON.D11.CLBJ.DP0.10003.001.validation.20221129T234114Z.csv",
              "fileSizeBytes": 11662,
              "checksum": "0aabbc0e6cae33adba071b96e36208d6",
              "checksumAlgorithm": "MD5"
            },
            {
              "fileName": "NEON.D11.CLBJ.DP1.10003.001.variables.20221129T234114Z.csv",
              "downloadFileName": null,
              "uri": "https://data.neonscience.org/api/v0/data/DP1.10003.001/CLBJ/2022-05/NEON.D11.CLBJ.DP1.10003.001.variables.20221129T234114Z.csv",
              "fileSizeBytes": 8762,
              "checksum": "48acb3d74341f972b0ca22c7b42d78c2",
              "checksumAlgorithm": "MD5"
            },
            {
              "fileName": "NEON.D11.CLBJ.DP1.10003.001.brd_perpoint.2022-05.basic.20221129T234114Z.csv",
              "downloadFileName": null,
              "uri": "https://data.neonscience.org/api/v0/data/DP1.10003.001/CLBJ/2022-05/NEON.D11.CLBJ.DP1.10003.001.brd_perpoint.2022-05.basic.20221129T234114Z.csv",
              "fileSizeBytes": 30418,
              "checksum": "83144738febe800128131d07bcc95715",
              "checksumAlgorithm": "MD5"
            },
            {
              "fileName": "NEON.D11.CLBJ.DP1.10003.001.EML.20220505-20220514.20221129T234114Z.xml",
              "downloadFileName": null,
              "uri": "https://data.neonscience.org/api/v0/data/DP1.10003.001/CLBJ/2022-05/NEON.D11.CLBJ.DP1.10003.001.EML.20220505-20220514.20221129T234114Z.xml",
              "fileSizeBytes": 85305,
              "checksum": "4477352e07e0bf8a930b1836698f5430",
              "checksumAlgorithm": "MD5"
            },
            {
              "fileName": "NEON.D11.CLBJ.DP1.10003.001.brd_countdata.2022-05.basic.20221129T234114Z.csv",
              "downloadFileName": null,
              "uri": "https://data.neonscience.org/api/v0/data/DP1.10003.001/CLBJ/2022-05/NEON.D11.CLBJ.DP1.10003.001.brd_countdata.2022-05.basic.20221129T234114Z.csv",
              "fileSizeBytes": 366995,
              "checksum": "1fc00aa10f694c7b6ca54082ebc59e2a",
              "checksumAlgorithm": "MD5"
            }
          ]
        }
      ]
    }
  ]
}