HOR.VER,name,description,start,end,referenceName,referenceDescription,referenceStart,referenceEnd,xOffset,yOffset,zOffset,pitch,roll,azimuth,referenceLatitude,referenceLongitude,referenceElevation,eastOffset,northOffset,xAzimuth,yAzimuth
"000.010",CFGLOC104932,"LBJ National Grassland PAR Radiation and IR Biological Temp L1","2010-01-01T00:00:00Z",,TOWER104924,"LBJ National Grassland Tower","2010-01-01T00:00:00Z",,2.36,-4.01,0.31,-68.00,0.00,180.00,33.401231,-97.570033,272.27,-2.36,4.01,270.00,180.00
"000.020",CFGLOC104939,"LBJ National Grassland PAR Radiation and IR Biological Temp L2","2010-01-01T00:00:00Z",,TOWER104924,"LBJ National Grassland Tower","2010-01-01T00:00:00Z",,2.40,-4.01,3.68,-68.00,0.00,180.00,33.401231,-97.570033,272.27,-2.40,4.01,270.00,180.00
"000.030",CFGLOC104946,"LBJ National Grassland PAR Radiation and IR Biological Temp L3","2010-01-01T00:00:00Z",,TOWER104924,"LBJ National Grassland Tower","2010-01-01T00:00:00Z",,2.40,6.07,11.63,-68.00,0.00,180.00,33.401231,-97.570033,272.27,-2.40,-6.07,270.00,180.00
"000.040",CFGLOC104954,"LBJ National Grassland PAR Radiation and IR Biological Temp L4","2010-01-01T00:00:00Z",,TOWER104924,"LBJ National Grassland Tower","2010-01-01T00:00:00Z",,2.40,5.97,15.53,0.00,0.00,0.00,33.401231,-97.570033,272.27,-2.40,-5.97,270.00,180.00
"000.050",CFGLOC104965,"LBJ National Grassland PAR Radiation Up","2010-01-01T00:00:00Z",,TOWER104924,"LBJ National Grassland Tower","2010-01-01T00:00:00Z",,2.37,5.95,22.49,0.00,0.00,0.00,33.401231,-97.570033,272.27,-2.37,-5.95,270.00,180.00
"000.050",CFGLOC104966,"LBJ National Grassland PAR Radiation Down","2010-01-01T00:00:00Z",,TOWER104924,"LBJ National Grassland Tower","2010-01-01T00:00:00Z",,2.37,5.95,22.41,0.00,0.00,0.00,33.401231,-97.570033,272.27,-2.37,-5.95,270.00,180.00
